customer_id,frequency,monetary,recency,customer_age_days,avg_order_value
AA-10315,5,16690.68,3313.7639114120975,1186.0,505.77818181818185
AA-10375,9,4225.56,3148.7639114120975,1330.0,70.426
AA-10480,4,5371.536,3388.7639114120975,1077.0,149.20933333333335
AA-10645,6,20347.74,3184.7639114120975,1232.0,282.6075
AB-10015,3,1772.312,3544.7639114120975,996.0,147.69266666666667
AB-10060,8,31022.48,3183.7639114120975,780.0,430.86777777777775
AB-10105,10,57894.284,3170.7639114120975,1065.0,723.67855
AB-10150,5,1933.42,3170.7639114120975,1355.0,80.55916666666667
AB-10165,8,4455.352,3154.7639114120975,1115.0,79.55985714285714
AB-10255,9,3658.1279999999997,3295.7639114120975,1091.0,65.32371428571427
AB-10600,4,4547.586,3179.7639114120975,1088.0,189.48275
AC-10420,3,2777.4,3361.7639114120975,1035.0,185.16
AC-10450,7,22111.384,3140.7639114120975,1145.0,614.205111111111
AC-10615,5,7613.058,3135.7639114120975,831.0,140.98255555555556
AC-10660,5,1971.948,3411.7639114120975,890.0,109.55266666666667
AD-10180,8,18320.64,3158.7639114120975,1108.0,508.90666666666664
AF-10870,7,8211.632,3170.7639114120975,714.0,128.30675
AF-10885,4,1723.1299999999999,3544.7639114120975,915.0,123.08071428571428
AG-10270,5,7748.694,3407.7639114120975,1049.0,184.4927142857143
AG-10300,4,735.096,3247.7639114120975,1226.0,73.5096
AG-10330,5,1982.9160000000002,3137.7639114120975,506.0,73.44133333333333
AG-10390,5,602.835,3243.7639114120975,1237.0,25.118125000000003
AG-10495,8,9427.42,3207.7639114120975,1013.0,112.23119047619048
AG-10525,4,4365.1140000000005,3974.7639114120975,394.0,161.6708888888889
AG-10675,7,6978.0792,3226.7639114120975,871.0,232.60264
AG-10765,4,511.752,3206.7639114120975,1123.0,34.1168
AG-10900,10,18043.188000000002,3225.7639114120975,1160.0,214.79985714285718
AH-10030,7,5234.1,3141.7639114120975,1336.0,158.60909090909092
AH-10075,10,13001.348,3163.7639114120975,1106.0,162.51685
AH-10120,7,5206.542,3189.7639114120975,1201.0,108.46962500000001
AH-10195,4,4762.356,3184.7639114120975,976.0,198.4315
AH-10210,9,19221.376,3135.7639114120975,1121.0,369.64184615384613
AH-10465,5,9981.5664,3359.7639114120975,862.0,311.92395
AH-10585,4,2215.512,3150.7639114120975,1140.0,147.70080000000002
AH-10690,12,31553.176,3539.7639114120975,958.0,342.9693043478261
AI-10855,10,13127.358,3142.7639114120975,1329.0,243.09922222222224
AJ-10780,7,14602.032,3204.7639114120975,1375.0,324.4896
AJ-10795,7,13504.172999999999,3295.7639114120975,1160.0,214.35195238095235
AJ-10945,7,5517.72,3214.7639114120975,1313.0,183.924
AJ-10960,3,1258.4959999999999,3203.7639114120975,1129.0,125.84959999999998
AM-10360,5,2442.036,3157.7639114120975,1153.0,67.83433333333333
AM-10705,8,22656.088,3291.7639114120975,994.0,257.4555454545455
AO-10810,1,161.28,3630.7639114120975,0.0,161.28
AP-10720,8,6554.215999999999,3170.7639114120975,1357.0,86.2396842105263
AP-10915,10,6647.112,3227.7639114120975,1127.0,107.21148387096774
AR-10345,4,2111.388,3240.7639114120975,985.0,211.1388
AR-10405,5,8944.512,3254.7639114120975,1059.0,319.44685714285714
AR-10510,5,794.592,3143.7639114120975,1324.0,37.837714285714284
AR-10540,6,19825.344,3135.7639114120975,1125.0,734.272
AR-10570,1,88.15,3663.7639114120975,0.0,44.075
AR-10825,8,13570.008,3187.7639114120975,1221.0,347.94892307692305
AS-10045,7,12202.768,3217.7639114120975,1164.0,305.0692
AS-10090,9,13021.24,3157.7639114120975,1167.0,130.2124
AS-10135,2,117.64,3170.7639114120975,371.0,19.606666666666666
AS-10225,5,12782.352,3151.7639114120975,1147.0,327.7526153846154
AS-10240,7,1753.824,3321.7639114120975,1194.0,44.969846153846156
AS-10285,6,9642.708,3148.7639114120975,569.0,401.77950000000004
AS-10630,7,3333.592,3221.7639114120975,1155.0,69.44983333333333
AT-10435,6,3515.442,3150.7639114120975,1111.0,130.20155555555556
AT-10735,10,15327.456,3142.7639114120975,1205.0,239.4915
AW-10840,4,1948.128,3149.7639114120975,972.0,81.172
AW-10930,7,8558.904,3175.7639114120975,1219.0,178.31050000000002
AY-10555,4,994.028,3143.7639114120975,1350.0,49.7014
AZ-10750,6,4866.054,3289.7639114120975,1224.0,135.16816666666668
BB-10990,5,2233.02,3234.7639114120975,1147.0,93.0425
BB-11545,9,27062.912,3157.7639114120975,911.0,338.2864
BC-11125,9,8801.028,3331.7639114120975,1071.0,162.982
BD-11320,12,17155.563000000002,3162.7639114120975,911.0,300.97478947368427
BD-11500,6,13233.729,3164.7639114120975,1393.0,441.1243
BD-11560,2,641.08,3407.7639114120975,667.0,80.135
BD-11605,7,9865.413,3226.7639114120975,1350.0,164.42355
BD-11620,6,6152.44,3198.7639114120975,1210.0,192.26375
BD-11635,3,1165.292,3138.7639114120975,1173.0,116.52919999999999
BD-11725,6,4579.5,3222.7639114120975,818.0,152.65
BD-11770,6,1975.398,3456.7639114120975,333.0,65.8466
BE-11335,5,12614.028,3248.7639114120975,596.0,467.1862222222222
BE-11410,5,9045.752,3227.7639114120975,594.0,452.2876
BE-11455,6,3455.304,3383.7639114120975,627.0,132.8963076923077
BF-10975,7,1799.394,3220.7639114120975,1174.0,46.13830769230769
BF-11005,4,2667.76,3168.7639114120975,1153.0,133.388
BF-11020,8,11554.024,3203.7639114120975,1340.0,137.54790476190476
BF-11080,3,545.9,3154.7639114120975,1103.0,45.49166666666667
BF-11170,11,23631.888,3145.7639114120975,1341.0,218.81377777777777
BF-11215,4,4755.486,3194.7639114120975,1082.0,198.14525
BF-11275,3,1583.98,3186.7639114120975,1322.0,197.9975
BG-11035,8,5597.896,3157.7639114120975,1123.0,233.24566666666666
BG-11695,6,5622.5160000000005,3165.7639114120975,1293.0,234.27150000000003
BG-11740,6,4025.424,3186.7639114120975,1321.0,143.76514285714285
BH-11710,8,25021.404,3152.7639114120975,1277.0,260.63962499999997
BK-11260,6,1977.414,3206.7639114120975,1168.0,41.196125
BM-11140,4,35368.89,3436.7639114120975,902.0,736.851875
BM-11575,6,2424.486,3229.7639114120975,737.0,80.8162
BM-11650,11,21882.555,3162.7639114120975,1237.0,251.5236206896552
BM-11785,10,5355.368,3347.7639114120975,1085.0,95.63157142857143
BN-11470,4,1061.184,3153.7639114120975,1181.0,44.216
BN-11515,5,4378.032,3138.7639114120975,1375.0,85.84376470588235
BO-11350,5,8048.184,3266.7639114120975,590.0,223.56066666666666
BO-11425,2,261.66,3204.7639114120975,767.0,65.415
BP-11050,5,2950.2599999999998,3212.7639114120975,1092.0,140.48857142857142
BP-11095,12,9768.176,3146.7639114120975,1285.0,122.1022
BP-11155,6,5093.5830000000005,3218.7639114120975,851.0,154.35100000000003
BP-11185,9,14703.444,3130.7639114120975,1011.0,204.2145
BP-11230,5,3544.4700000000003,3168.7639114120975,1311.0,196.91500000000002
BP-11290,7,9900.628,3141.7639114120975,1172.0,154.6973125
BS-11365,5,42006.612,3687.7639114120975,778.0,1166.8503333333333
BS-11380,5,11663.502,3157.7639114120975,1099.0,299.06415384615383
BS-11590,6,9819.712,3164.7639114120975,1411.0,245.4928
BS-11665,3,9864.33,3711.7639114120975,704.0,298.9190909090909
BS-11755,7,7687.146000000001,3130.7639114120975,1321.0,183.02728571428574
BS-11800,2,1898.86,3394.7639114120975,561.0,118.67875
BT-11305,5,5135.312,3465.7639114120975,1009.0,285.2951111111111
BT-11395,6,6559.839000000001,3431.7639114120975,857.0,218.66130000000004
BT-11440,4,1811.628,3689.7639114120975,745.0,86.268
BT-11485,2,415.19599999999997,3788.7639114120975,75.0,138.39866666666666
BT-11530,5,5368.984,3220.7639114120975,1228.0,268.4492
BT-11680,7,12787.008,3149.7639114120975,1108.0,159.8376
BV-11245,5,6093.092,3463.7639114120975,676.0,108.80521428571429
BW-11065,3,771.032,3341.7639114120975,1103.0,128.50533333333334
BW-11110,8,19001.432,3250.7639114120975,895.0,279.4328235294118
BW-11200,6,6953.624,3332.7639114120975,1033.0,173.8406
CA-11965,6,15158.8912,3225.7639114120975,1338.0,378.97228
CA-12055,5,5039.1720000000005,3530.7639114120975,446.0,167.97240000000002
CA-12265,9,10593.1488,3185.7639114120975,1320.0,155.78160000000003
CA-12310,4,4265.862,3142.7639114120975,1247.0,129.26854545454546
CA-12775,7,12166.264,3249.7639114120975,1161.0,178.9156470588235
CB-12025,10,24304.556,3176.7639114120975,1333.0,233.69765384615386
CB-12415,8,5847.6,3155.7639114120975,760.0,162.43333333333334
CB-12535,8,12739.3665,3326.7639114120975,896.0,223.49765789473685
CC-12100,6,5312.835,3586.7639114120975,653.0,136.22653846153847
CC-12145,7,4943.3,3235.7639114120975,1153.0,224.69545454545457
CC-12220,12,15653.672,3149.7639114120975,1188.0,177.88263636363638
CC-12370,5,48516.288,3172.7639114120975,543.0,1102.6429090909091
CC-12430,10,8610.15,3129.7639114120975,846.0,151.05526315789473
CC-12475,9,4978.314,3168.7639114120975,1285.0,127.64907692307693
CC-12550,3,227.664,3156.7639114120975,171.0,28.458
CC-12610,7,10162.524000000001,3163.7639114120975,1187.0,211.71925000000002
CC-12670,7,9078.806,3158.7639114120975,1074.0,162.12153571428573
CC-12685,4,8562.345,3928.7639114120975,580.0,237.84291666666664
CD-11920,5,6101.904,3169.7639114120975,1337.0,225.99644444444445
CD-11980,3,1919.298,3183.7639114120975,347.0,106.62766666666667
CD-12280,2,2411.168,3171.7639114120975,13.0,92.73723076923078
CD-12790,5,5582.196,3528.7639114120975,1028.0,124.0488
CG-12040,6,3617.8720000000003,3178.7639114120975,894.0,100.49644444444445
CG-12520,3,2297.56,3467.7639114120975,469.0,229.756
CH-12070,3,4611.7080000000005,3820.7639114120975,228.0,384.309
CJ-11875,1,16.52,3494.7639114120975,0.0,16.52
CJ-12010,8,44659.896,3318.7639114120975,471.0,558.2487
CK-12205,13,12619.42,3168.7639114120975,1351.0,98.58921875
CK-12325,5,8835.963,3249.7639114120975,1267.0,245.44341666666665
CK-12595,11,9491.0,3172.7639114120975,1057.0,94.91
CK-12760,9,6328.436,3211.7639114120975,1340.0,113.0077857142857
CL-11890,4,3786.0420000000004,3235.7639114120975,1147.0,180.28771428571432
CL-12565,12,43522.184,3413.7639114120975,1113.0,388.5909285714286
CL-12700,5,9414.344,3234.7639114120975,510.0,294.19825
CM-11815,6,3347.7760000000003,3260.7639114120975,1011.0,167.3888
CM-11935,2,1130.784,3837.7639114120975,120.0,141.348
CM-12115,4,3323.2200000000003,3137.7639114120975,999.0,237.37285714285716
CM-12160,6,7599.942,3155.7639114120975,409.0,361.902
CM-12190,6,4425.432,3137.7639114120975,826.0,210.73485714285712
CM-12235,5,9222.848,3514.7639114120975,223.0,288.214
CM-12385,4,26862.059999999998,3166.7639114120975,983.0,895.4019999999999
CM-12445,3,575.98,3565.7639114120975,864.0,31.99888888888889
CM-12655,6,25358.2304,3156.7639114120975,990.0,633.95576
CM-12715,4,11953.3572,4164.7639114120975,359.0,306.49633846153847
CP-12085,8,21609.016,3211.7639114120975,1040.0,385.8752857142857
CP-12340,8,17664.825,3289.7639114120975,1224.0,392.5516666666667
CR-12580,4,6446.556,3186.7639114120975,564.0,358.142
CR-12625,3,1427.7,3599.7639114120975,838.0,118.97500000000001
CR-12730,4,3201.1,3207.7639114120975,1150.0,266.7583333333333
CR-12820,3,4193.6172,3214.7639114120975,986.0,199.69605714285711
CS-11845,5,2557.908,3220.7639114120975,1021.0,159.86925
CS-11860,6,1612.896,3291.7639114120975,1176.0,76.80457142857142
CS-11950,11,12146.188,3154.7639114120975,1276.0,138.02486363636365
CS-12130,4,1769.28,3618.7639114120975,754.0,126.37714285714286
CS-12175,5,3377.8320000000003,3361.7639114120975,1004.0,105.55725000000001
CS-12250,12,11016.864,3155.7639114120975,1421.0,98.36485714285713
CS-12355,11,9606.486,3135.7639114120975,1227.0,145.5528181818182
CS-12400,9,14607.434000000001,3131.7639114120975,1189.0,260.8470357142857
CS-12460,2,1101.288,3156.7639114120975,153.0,91.774
CS-12490,4,3231.6855,3553.7639114120975,659.0,119.69205555555556
CS-12505,6,17070.165,3187.7639114120975,1317.0,632.2283333333334
CT-11995,8,9725.694000000001,3225.7639114120975,1237.0,180.10544444444446
CV-12295,5,8491.884,3383.7639114120975,1119.0,217.74061538461538
CV-12805,9,7110.9408,3134.7639114120975,595.0,124.75334736842106
CW-11905,6,3409.776,3151.7639114120975,1278.0,103.32654545454545
CY-12745,8,11600.104,3189.7639114120975,1054.0,263.63872727272724
Co-12640,5,5200.304,3678.7639114120975,740.0,162.5095
DA-13450,4,470.28000000000003,3481.7639114120975,993.0,19.595000000000002
DB-12910,8,6514.797,3150.7639114120975,1142.0,180.96658333333332
DB-12970,5,8517.6816,3370.7639114120975,903.0,202.80194285714285
DB-13060,7,18126.584,3145.7639114120975,1384.0,348.58815384615383
DB-13120,7,11892.376,3177.7639114120975,926.0,212.36385714285714
DB-13210,10,9330.307999999999,3138.7639114120975,1005.0,111.07509523809523
DB-13270,8,13967.691,3182.7639114120975,1372.0,358.1459230769231
DB-13360,5,2162.932,3393.7639114120975,873.0,180.24433333333332
DB-13405,4,5135.076,3316.7639114120975,688.0,122.26371428571429
DB-13555,7,11726.4084,3236.7639114120975,1242.0,279.2002
DB-13615,7,3978.1,3162.7639114120975,1154.0,180.82272727272726
DB-13660,7,3465.606,3141.7639114120975,1280.0,115.5202
DC-12850,9,10008.504,3166.7639114120975,1237.0,185.34266666666667
DC-13285,5,3523.854,3152.7639114120975,1074.0,167.8025714285714
DD-13570,6,1078.168,3170.7639114120975,1329.0,29.949111111111108
DE-13255,5,7652.621999999999,3848.7639114120975,507.0,283.43044444444445
DF-13135,3,7171.602,3829.7639114120975,483.0,398.4223333333333
DG-13300,5,6391.636,3161.7639114120975,1123.0,399.47725
DH-13075,6,19731.488,3406.7639114120975,858.0,214.47269565217394
DH-13675,4,3129.288,3905.7639114120975,460.0,94.8269090909091
DJ-13420,4,6037.56,3766.7639114120975,481.0,402.504
DJ-13510,8,7505.063999999999,3177.7639114120975,1183.0,192.43753846153845
DJ-13630,3,6712.796,3141.7639114120975,735.0,419.54975
DK-12835,12,13025.92,3150.7639114120975,1354.0,120.61037037037038
DK-12895,5,12846.528,3174.7639114120975,983.0,285.4784
DK-12985,5,5061.12,3136.7639114120975,1125.0,210.88
DK-13090,7,10602.228000000001,3171.7639114120975,992.0,203.889
DK-13150,2,1595.664,3139.7639114120975,1111.0,159.5664
DK-13225,9,14407.181999999999,3139.7639114120975,1377.0,252.75757894736842
DK-13375,8,9955.458,3148.7639114120975,1191.0,144.282
DL-12865,8,6012.448,3229.7639114120975,1180.0,107.36514285714286
DL-12925,6,13088.800000000001,3186.7639114120975,1151.0,233.72857142857146
DL-13315,8,5833.032,3151.7639114120975,1422.0,85.77988235294117
DL-13330,4,2340.08,3186.7639114120975,1229.0,73.1275
DL-13495,8,14157.288,3205.7639114120975,660.0,294.94350000000003
DM-12955,7,5288.136,3243.7639114120975,1073.0,146.89266666666668
DM-13015,7,25380.412,3186.7639114120975,1146.0,317.25515
DM-13345,8,16297.887999999999,3151.7639114120975,1131.0,313.42092307692303
DM-13525,3,4130.376,3610.7639114120975,793.0,137.6792
DN-13690,7,6419.37,3346.7639114120975,980.0,194.52636363636364
DO-13435,9,3900.0945,3262.7639114120975,1051.0,100.00242307692308
DO-13645,7,5069.264,3155.7639114120975,758.0,115.21054545454545
DP-13000,9,4202.544,3255.7639114120975,1331.0,61.80211764705882
DP-13105,8,6645.006,3135.7639114120975,855.0,158.21442857142858
DP-13165,2,2117.232,3941.7639114120975,312.0,264.654
DP-13390,9,21922.895999999997,3487.7639114120975,916.0,391.4802857142857
DR-12880,9,26112.136,3132.7639114120975,824.0,272.00141666666667
DR-12940,8,33403.472,3179.7639114120975,1323.0,642.3744615384616
DS-13030,4,3524.426,3222.7639114120975,1177.0,92.74805263157894
DS-13180,9,11527.2512,3152.7639114120975,1319.0,144.09064
DV-13045,5,3358.449,3148.7639114120975,547.0,124.387
DV-13465,6,10024.761,3158.7639114120975,1258.0,222.77246666666667
DW-13195,6,3242.253,3198.7639114120975,1373.0,120.08344444444445
DW-13480,5,15814.884,3346.7639114120975,1091.0,479.2389090909091
DW-13540,5,1376.32,3227.7639114120975,574.0,38.23111111111111
DW-13585,7,3614.562,3371.7639114120975,982.0,120.4854
Dl-13600,5,2266.806,3248.7639114120975,1252.0,125.93366666666667
Dp-13240,11,28795.044,3213.7639114120975,1230.0,248.2331379310345
EA-14035,13,11386.82,3281.7639114120975,1052.0,113.8682
EB-13705,9,10934.934000000001,3177.7639114120975,1223.0,303.7481666666667
EB-13750,10,12945.256,3164.7639114120975,989.0,161.8157
EB-13840,5,17432.512,3219.7639114120975,1220.0,544.766
EB-13870,10,11068.876,3229.7639114120975,1235.0,251.56536363636363
EB-13930,5,2833.8,3290.7639114120975,1266.0,134.94285714285715
EB-13975,4,3286.51,3129.7639114120975,726.0,273.87583333333333
EB-14110,6,6142.252,3242.7639114120975,879.0,279.19327272727276
EB-14170,6,3558.978,3211.7639114120975,1106.0,169.47514285714286
EC-14050,5,1847.656,3182.7639114120975,1056.0,65.98771428571429
ED-13885,8,10454.76,3264.7639114120975,1104.0,248.92285714285714
EG-13900,5,5496.0599999999995,3151.7639114120975,767.0,203.55777777777777
EH-13765,12,30932.64,3264.7639114120975,1223.0,322.215
EH-13945,8,2736.6839999999997,3346.7639114120975,1060.0,40.24535294117646
EH-13990,6,3303.7999999999997,3534.7639114120975,1040.0,103.24374999999999
EH-14005,7,4878.12,3131.7639114120975,1325.0,110.86636363636363
EH-14125,10,12330.612,3281.7639114120975,1016.0,171.2585
EH-14185,6,2771.652,3234.7639114120975,1213.0,115.4855
EJ-13720,4,6486.522,3431.7639114120975,1131.0,270.27175
EJ-14155,5,7970.073,3186.7639114120975,1341.0,332.08637500000003
EK-13795,4,2606.9559999999997,3173.7639114120975,1339.0,325.86949999999996
EL-13735,2,248.56,3206.7639114120975,540.0,62.14
EM-13810,5,5134.0199999999995,3261.7639114120975,805.0,366.7157142857142
EM-13825,8,9358.392,3184.7639114120975,1069.0,146.224875
EM-13960,5,2801.1119999999996,3280.7639114120975,670.0,155.6173333333333
EM-14065,4,686.9699999999999,3176.7639114120975,1210.0,38.16499999999999
EM-14095,4,3123.126,3242.7639114120975,763.0,104.1042
EM-14140,6,13765.308,3177.7639114120975,1212.0,218.4969523809524
EM-14200,3,733.644,3287.7639114120975,583.0,91.7055
EN-13780,4,4398.732,3416.7639114120975,658.0,244.374
EP-13915,17,21912.2432,3141.7639114120975,1261.0,176.71163870967743
ER-13855,3,3737.364,3550.7639114120975,319.0,249.1576
ES-14020,5,14041.831999999999,3169.7639114120975,1157.0,438.80724999999995
ES-14080,9,13973.772,3157.7639114120975,1157.0,232.89620000000002
FA-14230,7,8952.162,3226.7639114120975,1101.0,175.53258823529413
FC-14245,7,13674.967999999999,3199.7639114120975,861.0,244.19585714285714
FC-14335,7,11668.098,3313.7639114120975,993.0,388.9366
FG-14260,7,4149.432,3163.7639114120975,1285.0,125.74036363636363
FH-14275,10,17025.088,3166.7639114120975,1327.0,202.67961904761904
FH-14350,4,9085.136,3341.7639114120975,648.0,162.23457142857143
FH-14365,8,20961.588,3134.7639114120975,1162.0,537.4766153846153
FM-14215,10,7369.914,3136.7639114120975,1383.0,163.77586666666667
FM-14290,9,14944.792,3165.7639114120975,1186.0,186.8099
FM-14380,9,10093.064,3274.7639114120975,757.0,180.23328571428573
FO-14305,10,10713.752,3167.7639114120975,1262.0,178.56253333333333
FP-14320,8,12140.238,3152.7639114120975,1096.0,289.0532857142857
FW-14395,3,239.25,3491.7639114120975,652.0,26.583333333333332
GA-14515,8,15679.104000000001,3278.7639114120975,1173.0,279.98400000000004
GA-14725,11,5593.528,3134.7639114120975,1413.0,63.56281818181819
GB-14530,11,6273.76,3191.7639114120975,1280.0,78.422
GB-14575,5,14148.864,3142.7639114120975,919.0,294.768
GD-14590,4,5664.21,3134.7639114120975,1330.0,314.67833333333334
GG-14650,9,8896.0,3172.7639114120975,1113.0,92.66666666666667
GH-14410,9,11277.868,3204.7639114120975,1195.0,165.851
GH-14425,4,8345.692000000001,3179.7639114120975,1242.0,417.28460000000007
GH-14485,2,1361.2440000000001,3516.7639114120975,427.0,453.74800000000005
GH-14665,2,146.9408,3131.7639114120975,772.0,48.980266666666665
GK-14620,9,25989.08,3241.7639114120975,1172.0,464.09071428571434
GM-14440,7,10748.46,3212.7639114120975,1297.0,325.71090909090907
GM-14455,6,6157.248,3145.7639114120975,1343.0,256.55199999999996
GM-14500,10,5022.728,3235.7639114120975,1133.0,96.59092307692308
GM-14680,6,6327.256,3281.7639114120975,1178.0,287.60254545454546
GM-14695,3,12099.932,3246.7639114120975,1248.0,549.9969090909091
GP-14740,2,236.53,3894.7639114120975,599.0,47.306
GR-14560,2,2568.76,4264.7639114120975,2.0,256.87600000000003
GT-14635,3,18702.424,3185.7639114120975,1247.0,1558.5353333333333
GT-14710,11,35460.36,3165.7639114120975,1281.0,407.5903448275862
GT-14755,4,452.872,3163.7639114120975,1012.0,32.348
GW-14605,7,8756.076000000001,3157.7639114120975,1372.0,243.22433333333336
GZ-14470,9,17420.600000000002,3136.7639114120975,1236.0,311.0821428571429
GZ-14545,4,4909.244,3286.7639114120975,1032.0,490.9244
HA-14905,7,6489.9,3198.7639114120975,1210.0,216.32999999999998
HA-14920,8,10336.632,3149.7639114120975,1156.0,143.56433333333334
HD-14785,3,502.72,3898.7639114120975,560.0,35.90857142857143
HE-14800,4,1767.064,3141.7639114120975,688.0,80.32109090909091
HF-14995,7,10132.656,3150.7639114120975,1293.0,133.32442105263158
HG-14845,5,2356.884,3183.7639114120975,1287.0,78.5628
HG-14965,12,12990.568,3152.7639114120975,1174.0,191.03776470588235
HG-15025,7,14761.136,3135.7639114120975,1167.0,335.4803636363636
HH-15010,2,218.668,3201.7639114120975,1147.0,36.44466666666667
HJ-14875,5,1074.3,3255.7639114120975,866.0,59.68333333333333
HK-14890,8,19511.136,3280.7639114120975,1148.0,325.18559999999997
HL-15040,6,38619.894,3172.7639114120975,1397.0,1170.2998181818182
HM-14860,10,24710.294400000002,3131.7639114120975,1256.0,411.83824000000004
HM-14980,4,2208.828,3376.7639114120975,573.0,105.18228571428571
HP-14815,7,7961.256,3159.7639114120975,1304.0,199.03140000000002
HR-14770,5,5197.152,3142.7639114120975,1387.0,99.94523076923078
HR-14830,7,15746.361,3288.7639114120975,973.0,374.91335714285714
HW-14935,8,27900.762,3246.7639114120975,708.0,465.0127
HZ-14950,5,2659.56,3164.7639114120975,621.0,147.75333333333333
IG-15085,4,2233.7219999999998,3200.7639114120975,1098.0,106.36771428571427
IL-15100,7,15122.207999999999,3271.7639114120975,1105.0,360.0525714285714
IM-15055,3,2872.63,3538.7639114120975,1028.0,718.1575
IM-15070,7,19721.896,3519.7639114120975,717.0,234.7844761904762
JA-15970,8,19473.078,3221.7639114120975,1108.0,270.4594166666667
JB-15400,10,7166.42,3136.7639114120975,1196.0,111.9753125
JB-15925,3,2701.656,3866.7639114120975,384.0,112.569
JB-16000,7,1932.3564000000001,3172.7639114120975,677.0,92.01697142857144
JB-16045,5,7554.345,3136.7639114120975,965.0,279.79055555555556
JC-15340,4,142.52599999999998,3243.7639114120975,1318.0,17.815749999999998
JC-15385,1,1058.108,3304.7639114120975,0.0,264.527
JC-15775,9,11088.22,3287.7639114120975,1045.0,173.2534375
JC-16105,5,3434.304,3186.7639114120975,1081.0,95.39733333333334
JD-15790,5,8609.408,3246.7639114120975,886.0,307.4788571428571
JD-15895,11,22832.592,3523.7639114120975,981.0,237.83950000000002
JD-16015,6,1156.29,3241.7639114120975,1071.0,35.03909090909091
JD-16060,3,1390.884,3429.7639114120975,893.0,115.907
JD-16150,8,26484.0915,3170.7639114120975,1099.0,519.2959117647058
JE-15475,6,4166.046,3322.7639114120975,827.0,106.82169230769232
JE-15610,7,31019.904,3177.7639114120975,1125.0,387.74879999999996
JE-15715,10,34791.372,3175.7639114120975,1177.0,395.35650000000004
JE-15745,13,27043.26,3180.7639114120975,1236.0,293.94847826086954
JE-16165,3,8091.744,3149.7639114120975,370.0,385.32114285714283
JF-15190,7,6838.758,3194.7639114120975,1076.0,119.97821052631579
JF-15295,5,1910.248,3354.7639114120975,1162.0,68.22314285714286
JF-15355,6,7647.376,3234.7639114120975,694.0,119.49025
JF-15415,6,7114.344,3131.7639114120975,1290.0,169.38914285714287
JF-15490,11,4331.672,3250.7639114120975,1047.0,72.19453333333333
JF-15565,8,16793.328,3183.7639114120975,1122.0,262.39575
JG-15115,3,4717.352,3887.7639114120975,438.0,336.9537142857143
JG-15160,11,25465.568,3130.7639114120975,1309.0,353.68844444444443
JG-15310,6,6721.74,3131.7639114120975,665.0,203.6890909090909
JG-15805,6,4521.054,3352.7639114120975,1142.0,167.44644444444444
JH-15430,4,927.843,3134.7639114120975,1400.0,44.183
JH-15820,6,1586.73,3303.7639114120975,1147.0,66.11375
JH-15910,7,3837.908,3170.7639114120975,891.0,106.60855555555555
JH-15985,6,23864.994000000002,3158.7639114120975,1210.0,568.2141428571429
JH-16180,4,4512.788,3533.7639114120975,546.0,451.27879999999993
JJ-15445,5,2127.534,3612.7639114120975,548.0,118.19633333333334
JJ-15760,2,390.0,3882.7639114120975,64.0,65.0
JK-15205,5,13281.426,3190.7639114120975,1207.0,340.5493846153846
JK-15325,3,1151.436,3416.7639114120975,848.0,95.95299999999999
JK-15370,8,8128.896,3173.7639114120975,1315.0,159.39011764705882
JK-15625,7,11280.084,3190.7639114120975,1248.0,313.33566666666667
JK-15640,9,9520.868,3309.7639114120975,1018.0,396.70283333333333
JK-15730,10,19468.8,3213.7639114120975,1054.0,243.35999999999999
JK-16090,3,11243.004,3157.7639114120975,956.0,416.4075555555556
JK-16120,10,11729.936,3246.7639114120975,1037.0,172.4990588235294
JL-15130,6,4859.824,3137.7639114120975,1253.0,101.24633333333333
JL-15175,5,3143.046,3135.7639114120975,1089.0,224.5032857142857
JL-15235,5,8814.8,3248.7639114120975,1196.0,220.36999999999998
JL-15505,6,9521.622,3178.7639114120975,1093.0,186.6984705882353
JL-15835,11,39199.692,3150.7639114120975,1331.0,288.23302941176473
JL-15850,6,8175.768,3743.7639114120975,643.0,247.75054545454546
JM-15250,6,12636.488,3166.7639114120975,604.0,166.26957894736842
JM-15265,5,5412.438,3166.7639114120975,1186.0,138.78046153846154
JM-15535,7,3466.886,3231.7639114120975,1102.0,173.3443
JM-15580,5,911.8439999999999,3129.7639114120975,625.0,43.421142857142854
JM-15655,5,1729.894,3137.7639114120975,1354.0,72.07891666666667
JM-15865,7,30500.304,3238.7639114120975,1028.0,586.5443076923077
JM-16195,10,8501.778,3186.7639114120975,1283.0,149.154
JO-15145,9,13019.796,3186.7639114120975,1397.0,250.3806923076923
JO-15280,6,5802.816,3221.7639114120975,1278.0,175.84290909090907
JO-15550,5,3272.514,3344.7639114120975,802.0,99.16709090909092
JP-15460,7,5007.405,3166.7639114120975,1187.0,111.27566666666667
JP-15520,7,10906.782,3137.7639114120975,1218.0,227.22462499999997
JP-16135,9,6830.84,3231.7639114120975,1092.0,131.3623076923077
JR-15670,2,2313.316,3722.7639114120975,144.0,385.55266666666665
JR-15700,1,863.88,3197.7639114120975,0.0,863.88
JR-16210,5,8806.744,3162.7639114120975,801.0,220.16860000000003
JS-15595,4,5670.616,3248.7639114120975,1279.0,177.20675
JS-15685,4,3393.192,3171.7639114120975,522.0,102.824
JS-15880,5,15472.08,3663.7639114120975,828.0,429.78
JS-15940,5,938.338,3592.7639114120975,874.0,58.646125
JS-16030,6,10065.976,3157.7639114120975,1374.0,139.80522222222223
JW-15220,6,23165.142,3171.7639114120975,933.0,551.551
JW-15955,7,3732.2580000000003,3134.7639114120975,862.0,113.09872727272727
JW-16075,4,5714.924,3590.7639114120975,554.0,204.10442857142857
KA-16525,7,4558.518,3165.7639114120975,1354.0,138.13690909090909
KB-16240,7,12610.46,3133.7639114120975,1366.0,315.26149999999996
KB-16315,9,6277.856,3425.7639114120975,926.0,71.33927272727273
KB-16405,3,1817.642,3246.7639114120975,654.0,100.98011111111111
KB-16585,12,10978.968,3359.7639114120975,1136.0,119.33660869565219
KB-16600,7,2951.766,3130.7639114120975,1095.0,109.32466666666667
KC-16255,6,6362.862,3536.7639114120975,802.0,212.0954
KC-16540,4,11724.786,3226.7639114120975,692.0,781.6524000000001
KC-16675,4,2292.1,3186.7639114120975,1056.0,163.72142857142856
KD-16270,5,33129.432,3613.7639114120975,661.0,517.647375
KD-16345,6,5666.892,3170.7639114120975,1174.0,188.8964
KD-16495,12,32725.024,3241.7639114120975,1077.0,292.1877142857143
KD-16615,5,4487.0199999999995,3418.7639114120975,550.0,172.5776923076923
KE-16420,8,6746.9248,3155.7639114120975,1341.0,112.44874666666666
KF-16285,7,42417.064,3226.7639114120975,1094.0,589.1258888888889
KH-16330,8,13251.456,3169.7639114120975,1329.0,184.048
KH-16360,6,9301.836,3130.7639114120975,1340.0,221.4722857142857
KH-16510,7,17858.577,3151.7639114120975,1211.0,258.81995652173913
KH-16630,9,15675.864,3187.7639114120975,1097.0,230.52741176470587
KH-16690,7,17972.397,3131.7639114120975,1378.0,399.38660000000004
KL-16555,8,20065.952,3145.7639114120975,1278.0,228.02218181818182
KL-16645,12,42525.687,3176.7639114120975,1207.0,488.801
KM-16225,6,6782.874,3143.7639114120975,894.0,118.99778947368421
KM-16375,8,22480.744,3185.7639114120975,1203.0,281.0093
KM-16660,5,1360.614,3144.7639114120975,1089.0,50.39311111111111
KM-16720,8,14728.416,3157.7639114120975,1343.0,175.33828571428572
KN-16390,9,7851.816,3148.7639114120975,1105.0,153.95717647058822
KN-16450,5,8687.848,3181.7639114120975,1306.0,271.49525
KN-16705,8,9122.32,3227.7639114120975,1301.0,152.03866666666667
KS-16300,3,176.944,3424.7639114120975,787.0,22.118
KT-16465,7,9171.3,3520.7639114120975,818.0,218.3642857142857
KT-16480,10,18568.353600000002,3229.7639114120975,1291.0,357.0837230769231
KW-16435,5,13249.56,3225.7639114120975,763.0,441.652
KW-16570,4,1347.288,3900.7639114120975,416.0,89.8192
LA-16780,11,34692.888,3283.7639114120975,1187.0,333.5854615384615
LB-16735,3,150.564,3177.7639114120975,475.0,16.729333333333333
LB-16795,8,19942.704,3281.7639114120975,1195.0,207.7365
LC-16870,8,10322.816,3156.7639114120975,945.0,86.02346666666668
LC-16885,12,30652.504,3145.7639114120975,1329.0,333.17939130434786
LC-16930,8,13478.838,3170.7639114120975,1368.0,320.9247142857143
LC-16960,4,9739.878,3565.7639114120975,605.0,463.8037142857143
LC-17050,5,8380.256,3183.7639114120975,1375.0,232.78488888888887
LC-17140,9,10534.328,3142.7639114120975,1195.0,138.60957894736842
LD-16855,1,5.304,3681.7639114120975,0.0,5.304
LD-17005,4,5885.802,3543.7639114120975,774.0,280.2762857142857
LE-16810,6,5877.8,3150.7639114120975,1292.0,163.27222222222224
LF-17185,7,15722.036,3151.7639114120975,1231.0,245.6568125
LH-16750,3,862.2779999999999,3280.7639114120975,1045.0,95.80866666666665
LH-16900,9,9181.328,3150.7639114120975,1208.0,153.02213333333333
LH-17020,4,954.717,3368.7639114120975,970.0,53.039833333333334
LH-17155,9,5219.067,3514.7639114120975,729.0,91.56257894736842
LL-16840,6,8223.612,3378.7639114120975,1092.0,228.43366666666665
LM-17065,5,2693.548,3520.7639114120975,891.0,192.3962857142857
LO-17170,5,2577.4,3131.7639114120975,1056.0,71.59444444444445
LP-17080,4,756.606,3169.7639114120975,1245.0,84.06733333333334
LP-17095,7,14613.596,3138.7639114120975,563.0,243.55993333333333
LR-16915,6,10285.784,3155.7639114120975,1214.0,321.43075
LR-17035,5,5637.918,3261.7639114120975,1078.0,156.60883333333334
LS-16945,6,8535.81,3307.7639114120975,802.0,203.23357142857142
LS-16975,9,8966.022,3149.7639114120975,1147.0,135.8488181818182
LS-17200,6,4041.024,3225.7639114120975,1073.0,72.16114285714285
LS-17230,3,1106.64,3906.7639114120975,677.0,61.480000000000004
LS-17245,6,4032.544,3163.7639114120975,1137.0,84.01133333333333
LT-16765,3,659.752,3155.7639114120975,1190.0,109.95866666666666
LT-17110,8,11745.008,3163.7639114120975,1274.0,209.73228571428572
LW-16825,5,8952.244,3217.7639114120975,1222.0,149.20406666666668
LW-16990,6,6460.616,3162.7639114120975,571.0,293.66436363636365
LW-17125,3,3777.12,3334.7639114120975,1001.0,251.808
LW-17215,7,16261.542,3150.7639114120975,1184.0,361.3676
MA-17560,11,12897.483,3193.7639114120975,1176.0,126.44591176470588
MA-17995,6,9813.136,3315.7639114120975,1011.0,204.44033333333334
MB-17305,10,6194.808,3177.7639114120975,1192.0,81.51063157894737
MB-18085,7,5712.924,3173.7639114120975,1411.0,142.8231
MC-17275,8,8177.946,3205.7639114120975,1133.0,209.69092307692307
MC-17425,5,17728.552,3528.7639114120975,911.0,443.2138
MC-17575,8,5215.572,3156.7639114120975,1097.0,118.53572727272727
MC-17590,6,7278.201,3180.7639114120975,1269.0,142.70982352941178
MC-17605,8,9032.768,3241.7639114120975,1270.0,125.45511111111111
MC-17635,4,1590.308,3318.7639114120975,939.0,99.39425
MC-17845,7,15222.856,3130.7639114120975,1273.0,271.83671428571427
MC-18100,10,6656.94,3170.7639114120975,1250.0,116.78842105263158
MC-18130,5,4745.994,3498.7639114120975,829.0,143.81799999999998
MD-17350,7,15065.528,3246.7639114120975,1034.0,221.5518823529412
MD-17860,5,3614.73,3165.7639114120975,1088.0,150.61375
ME-17320,10,31991.184,3171.7639114120975,1412.0,484.7149090909091
ME-17725,8,7633.8128,3157.7639114120975,1239.0,146.80409230769231
ME-18010,4,3770.832,3221.7639114120975,1166.0,209.49066666666667
MF-17665,5,2811.117,3550.7639114120975,675.0,117.12987500000001
MF-18250,5,7033.2,3136.7639114120975,1195.0,146.525
MG-17650,7,11355.828,3158.7639114120975,1210.0,270.37685714285715
MG-17680,4,4700.376,3221.7639114120975,1073.0,235.0188
MG-17695,3,2684.564,3684.7639114120975,545.0,191.7545714285714
MG-17875,5,3728.499,3245.7639114120975,1290.0,177.54757142857142
MG-17890,9,2329.152,3228.7639114120975,998.0,59.72184615384616
MG-18145,4,12246.172,3213.7639114120975,1288.0,382.692875
MG-18205,1,16.739,3393.7639114120975,0.0,8.3695
MH-17290,6,7182.075,3248.7639114120975,1225.0,184.15576923076924
MH-17440,4,1600.064,3505.7639114120975,1049.0,44.446222222222225
MH-17455,8,9824.728000000001,3214.7639114120975,1183.0,223.28927272727276
MH-17620,4,3758.3999999999996,3284.7639114120975,601.0,208.79999999999998
MH-17785,7,6611.334,3227.7639114120975,1215.0,200.34345454545453
MH-18025,5,11939.792,3178.7639114120975,1222.0,298.4948
MH-18115,9,16509.279,3134.7639114120975,489.0,250.1405909090909
MJ-17740,7,25282.984,3151.7639114120975,913.0,421.38306666666665
MK-17905,8,9209.472,3157.7639114120975,1110.0,135.43341176470588
MK-18160,4,2063.204,3369.7639114120975,867.0,93.78200000000001
ML-17395,9,8168.529,3198.7639114120975,1346.0,136.14215000000002
ML-17410,6,8764.5,3183.7639114120975,1088.0,194.76666666666668
ML-17755,7,8287.656,3158.7639114120975,484.0,159.37800000000001
ML-18040,3,1484.164,3208.7639114120975,200.0,185.5205
ML-18265,2,324.464,3229.7639114120975,844.0,54.077333333333335
MM-17260,4,2628.0460000000003,3297.7639114120975,1144.0,219.00383333333335
MM-17920,11,15176.320000000002,3136.7639114120975,1440.0,237.13000000000002
MM-18055,8,8249.643,3190.7639114120975,1298.0,144.73057894736843
MM-18280,9,3101.656,3214.7639114120975,1355.0,64.61783333333334
MN-17935,6,7433.838,3163.7639114120975,1379.0,247.7946
MO-17500,4,1844.974,3201.7639114120975,1056.0,184.4974
MO-17800,8,6748.108,3233.7639114120975,731.0,153.3660909090909
MO-17950,2,308.576,3309.7639114120975,823.0,38.572
MP-17470,7,9618.396,3848.7639114120975,652.0,229.0094285714286
MP-17965,9,11950.926,3201.7639114120975,915.0,199.1821
MP-18175,9,15263.76,3145.7639114120975,1357.0,267.78526315789475
MR-17545,4,1917.534,3254.7639114120975,1089.0,106.52966666666667
MS-17365,10,29774.760000000002,3402.7639114120975,935.0,310.15375
MS-17530,4,1426.9679999999998,3563.7639114120975,718.0,67.95085714285713
MS-17710,6,6453.608,3542.7639114120975,964.0,107.56013333333334
MS-17770,9,12578.712,3250.7639114120975,1154.0,165.5093684210526
MS-17830,4,1111.044,3581.7639114120975,999.0,74.06960000000001
MS-17980,6,1710.232,3155.7639114120975,1253.0,77.73781818181818
MT-17815,6,11560.556,3178.7639114120975,736.0,289.01390000000004
MT-18070,4,2638.8995999999997,3332.7639114120975,989.0,119.94998181818181
MV-17485,9,6240.2,3156.7639114120975,1413.0,104.00333333333333
MV-18190,7,6938.296,3148.7639114120975,1411.0,157.68854545454545
MW-18220,7,16025.7,3146.7639114120975,1206.0,381.56428571428575
MW-18235,2,10507.752,3173.7639114120975,1275.0,1751.2920000000001
MY-17380,7,9017.14,3158.7639114120975,767.0,173.40653846153845
MY-18295,11,16610.784,3200.7639114120975,1271.0,197.74742857142857
MZ-17335,4,593.606,3159.7639114120975,753.0,98.93433333333333
MZ-17515,6,7694.718,3411.7639114120975,1084.0,256.4906
NB-18580,2,547.7439999999999,4294.7639114120975,26.0,136.93599999999998
NB-18655,9,7890.396,3148.7639114120975,1102.0,116.03523529411764
NC-18340,5,4922.808,3353.7639114120975,1147.0,144.7884705882353
NC-18415,6,8875.960000000001,3170.7639114120975,1296.0,158.49928571428572
NC-18535,7,32966.956,3135.7639114120975,1250.0,549.4492666666666
NC-18625,5,5465.226000000001,3333.7639114120975,954.0,202.4157777777778
ND-18370,9,17304.556,3156.7639114120975,1420.0,240.34105555555556
ND-18460,6,8680.365,3312.7639114120975,1240.0,361.681875
NF-18385,7,24968.478,3208.7639114120975,1339.0,594.4875714285714
NF-18475,4,1131.486,3654.7639114120975,862.0,94.29050000000001
NF-18595,7,6094.416,3243.7639114120975,1237.0,169.28933333333333
NG-18355,5,5608.74,3177.7639114120975,1084.0,116.84875
NG-18430,5,4187.814,3177.7639114120975,1084.0,155.10422222222223
NH-18610,7,10693.16,3318.7639114120975,1210.0,243.02636363636364
NK-18490,7,2288.192,3199.7639114120975,877.0,52.004363636363635
NL-18310,4,1418.09,3187.7639114120975,1098.0,141.809
NM-18445,7,19378.032,3289.7639114120975,1261.0,461.3817142857143
NM-18520,10,6485.937,3373.7639114120975,600.0,144.13193333333334
NP-18325,6,16588.86,3154.7639114120975,1302.0,263.3152380952381
NP-18670,5,11725.206,3187.7639114120975,979.0,390.8402
NP-18685,6,4914.792,3535.7639114120975,988.0,175.52828571428572
NP-18700,7,23709.5475,3267.7639114120975,1074.0,607.9371153846154
NR-18550,5,9469.108,3339.7639114120975,1092.0,182.09823076923078
NS-18505,4,7727.589,3135.7639114120975,395.0,171.7242
NS-18640,13,11859.292,3303.7639114120975,1110.0,114.03165384615384
NW-18400,7,28936.056,3301.7639114120975,1116.0,328.8188181818182
NZ-18565,9,7464.93,3214.7639114120975,1161.0,124.41550000000001
ON-18715,9,6270.08,3539.7639114120975,794.0,104.50133333333333
OT-18730,5,15274.496,3194.7639114120975,920.0,381.8624
PA-19060,6,2188.2239999999997,3232.7639114120975,1220.0,104.20114285714284
PB-18805,3,740.356,3154.7639114120975,746.0,74.0356
PB-19105,4,2064.9719999999998,3186.7639114120975,1084.0,137.66479999999999
PB-19150,8,4370.85,3226.7639114120975,1168.0,132.45000000000002
PB-19210,2,265.476,3817.7639114120975,445.0,66.369
PC-18745,4,3664.128,3131.7639114120975,1093.0,366.4128
PC-19000,2,1061.488,4011.7639114120975,480.0,353.82933333333335
PF-19120,4,36251.456,3964.7639114120975,500.0,476.99284210526315
PF-19165,6,11080.0,3325.7639114120975,1001.0,277.0
PF-19225,5,4412.256,3243.7639114120975,438.0,220.61280000000002
PG-18820,13,12347.628,3165.7639114120975,1295.0,118.72719230769232
PG-18895,9,7948.656,3186.7639114120975,1272.0,116.892
PH-18790,1,729.648,3199.7639114120975,0.0,364.824
PJ-18835,8,4880.36,3168.7639114120975,1273.0,93.85307692307691
PJ-19015,7,5472.702,3263.7639114120975,1229.0,182.42340000000002
PK-18910,2,2882.304,3612.7639114120975,883.0,480.384
PK-19075,12,34587.736,3138.7639114120975,1136.0,345.87735999999995
PL-18925,5,718.443,3144.7639114120975,1140.0,29.935125
PM-18940,3,2810.8039999999996,3515.7639114120975,950.0,351.35049999999995
PM-19135,4,12346.985999999999,3180.7639114120975,691.0,587.9517142857143
PN-18775,8,5868.608,3159.7639114120975,846.0,112.85784615384615
PO-18850,11,29895.3128,3133.7639114120975,1150.0,339.7194636363636
PO-18865,7,9972.856,3129.7639114120975,1378.0,191.7856923076923
PO-19180,9,14679.129,3289.7639114120975,712.0,271.8357222222222
PO-19195,5,3170.574,3215.7639114120975,1370.0,105.6858
PP-18955,10,29010.432,3226.7639114120975,1125.0,213.312
PR-18880,5,5520.534,3165.7639114120975,1176.0,153.34816666666666
PS-18760,6,6544.437,3236.7639114120975,1187.0,103.87995238095237
PS-18970,8,5114.556,3198.7639114120975,1286.0,98.35684615384615
PS-19045,7,27374.536,3365.7639114120975,870.0,526.4333846153846
PT-19090,4,321.144,3200.7639114120975,1134.0,22.93885714285714
PV-18985,5,8628.138,3218.7639114120975,1178.0,221.2343076923077
PW-19030,10,13819.664,3175.7639114120975,1278.0,265.76276923076927
PW-19240,7,15689.66,3593.7639114120975,674.0,326.86791666666664
QJ-19255,9,18325.014,3154.7639114120975,1359.0,469.8721538461538
RA-19285,9,10471.624,3134.7639114120975,1108.0,153.9944705882353
RA-19885,7,7664.628000000001,3172.7639114120975,1319.0,255.48760000000001
RA-19915,9,19174.172,3141.7639114120975,1267.0,217.88831818181816
RA-19945,5,6747.69,3190.7639114120975,1158.0,187.43583333333333
RB-19330,2,2016.392,3197.7639114120975,1071.0,168.03266666666667
RB-19360,6,60469.356,3225.7639114120975,542.0,839.8521666666667
RB-19435,8,10652.344000000001,3148.7639114120975,1371.0,166.44287500000002
RB-19465,12,18861.864,3138.7639114120975,1378.0,205.02026086956522
RB-19570,5,1585.638,3154.7639114120975,586.0,58.72733333333333
RB-19645,5,442.168,3777.7639114120975,577.0,31.583428571428573
RB-19705,4,6202.349999999999,3183.7639114120975,807.0,295.34999999999997
RB-19795,8,22533.264,3161.7639114120975,1274.0,312.962
RC-19825,6,3865.636,3498.7639114120975,752.0,96.6409
RC-19960,6,3543.008,3239.7639114120975,1113.0,80.52290909090908
RD-19480,8,12818.79,3201.7639114120975,1229.0,284.862
RD-19585,10,11651.576,3309.7639114120975,1188.0,153.31021052631579
RD-19660,5,8359.896,3243.7639114120975,879.0,557.3264
RD-19720,10,5678.948,3150.7639114120975,1238.0,70.98685
RD-19810,8,4550.464,3143.7639114120975,1146.0,71.101
RD-19900,9,9401.772,3243.7639114120975,1251.0,149.23447619047622
RD-19930,4,1941.884,3171.7639114120975,1142.0,97.0942
RE-19405,1,48.36,4226.7639114120975,0.0,48.36
RE-19450,5,2630.088,3431.7639114120975,1004.0,97.41066666666667
RF-19345,8,13236.6,3519.7639114120975,930.0,206.821875
RF-19735,7,9365.184000000001,3218.7639114120975,1153.0,167.2354285714286
RF-19840,8,3780.888,3135.7639114120975,1138.0,85.92927272727273
RH-19495,5,14485.504,3161.7639114120975,1193.0,452.672
RH-19510,6,20937.54,3596.7639114120975,673.0,581.5983333333334
RH-19555,2,740.382,3648.7639114120975,238.0,246.79399999999998
RH-19600,3,4171.4800000000005,3663.7639114120975,378.0,189.61272727272728
RK-19300,3,2920.384,3248.7639114120975,775.0,182.524
RL-19615,8,24939.64,3250.7639114120975,1000.0,259.78791666666666
RM-19375,6,5813.896,3474.7639114120975,984.0,161.4971111111111
RM-19675,5,17937.288,3135.7639114120975,1136.0,543.5541818181819
RM-19750,1,98.35,3428.7639114120975,0.0,49.175
RO-19780,7,11446.434,3164.7639114120975,928.0,317.9565
RP-19270,4,1909.2904,3625.7639114120975,672.0,79.55376666666668
RP-19390,12,15459.252,3162.7639114120975,1283.0,206.12336000000002
RP-19855,8,6512.148,3157.7639114120975,1337.0,144.7144
RR-19315,2,1231.864,3148.7639114120975,392.0,153.983
RR-19525,6,9906.786,3299.7639114120975,1038.0,330.2262
RS-19420,5,9663.87,3205.7639114120975,1167.0,357.92111111111114
RS-19765,8,16639.079999999998,3165.7639114120975,1327.0,297.12642857142856
RS-19870,2,44.656,3148.7639114120975,552.0,7.442666666666667
RW-19540,7,14794.802,3249.7639114120975,941.0,321.6261304347826
RW-19630,9,9839.238,3218.7639114120975,1192.0,204.98412499999998
RW-19690,5,13982.584,3208.7639114120975,500.0,233.04306666666668
SA-20830,10,19069.366,3192.7639114120975,1344.0,227.01626190476193
SB-20170,3,4044.06,3330.7639114120975,1102.0,192.5742857142857
SB-20185,6,19232.988,3317.7639114120975,1009.0,534.2496666666667
SB-20290,7,32231.564,3176.7639114120975,1284.0,473.9935882352941
SC-20020,5,6725.9272,3910.7639114120975,617.0,197.8213882352941
SC-20050,9,18498.288,3169.7639114120975,1343.0,308.3048
SC-20095,9,56569.336,3478.7639114120975,1068.0,642.8333636363636
SC-20230,4,13115.874,3278.7639114120975,423.0,397.45072727272725
SC-20260,8,14919.171999999999,3316.7639114120975,1177.0,207.21072222222222
SC-20305,7,11937.195,3158.7639114120975,1081.0,331.58875
SC-20380,9,23970.144,3159.7639114120975,1370.0,299.6268
SC-20440,7,3749.9959999999996,3165.7639114120975,830.0,187.4998
SC-20575,5,3610.9120000000003,3221.7639114120975,1201.0,128.96114285714287
SC-20680,6,3763.92,3255.7639114120975,1009.0,156.83
SC-20695,10,7729.223999999999,3218.7639114120975,1021.0,184.02914285714283
SC-20725,11,15678.630000000001,3316.7639114120975,1119.0,201.00807692307694
SC-20770,7,17970.628,3170.7639114120975,883.0,213.93604761904763
SC-20800,4,837.768,3159.7639114120975,720.0,55.8512
SC-20845,2,561.264,3260.7639114120975,283.0,70.158
SD-20485,9,24484.456,3329.7639114120975,1234.0,291.481619047619
SE-20110,11,48837.752,3138.7639114120975,1350.0,642.602
SF-20065,7,3054.184,3188.7639114120975,1148.0,84.83844444444445
SF-20200,9,10268.358,3188.7639114120975,1044.0,228.18573333333333
SF-20965,9,10009.605,3177.7639114120975,1118.0,196.26676470588234
SG-20080,3,6813.161999999999,3137.7639114120975,783.0,309.6891818181818
SG-20470,8,5654.394,3312.7639114120975,1070.0,134.62842857142857
SG-20605,6,12499.328000000001,3237.7639114120975,1329.0,240.37169230769234
SG-20890,3,95.892,3355.7639114120975,1145.0,9.5892
SH-19975,13,13627.358,3158.7639114120975,1087.0,117.47722413793103
SH-20395,10,6542.1539999999995,3152.7639114120975,1131.0,145.38119999999998
SH-20635,2,4192.784,3894.7639114120975,345.0,1048.196
SJ-20125,12,15798.624,3224.7639114120975,735.0,164.569
SJ-20215,6,4023.108,3158.7639114120975,1026.0,134.1036
SJ-20500,5,3956.328,3382.7639114120975,964.0,188.39657142857143
SK-19990,3,883.409,3137.7639114120975,389.0,176.6818
SL-20155,7,12212.048,3199.7639114120975,1126.0,339.22355555555555
SM-20005,4,733.482,3550.7639114120975,712.0,40.748999999999995
SM-20320,5,100172.2,3208.7639114120975,1304.0,1669.5366666666666
SM-20905,1,1043.041,3735.7639114120975,0.0,173.84016666666665
SM-20950,12,22253.568,3154.7639114120975,1163.0,252.88145454545455
SN-20560,6,5581.254,3240.7639114120975,815.0,124.02786666666667
SN-20710,7,9383.8776,3208.7639114120975,1255.0,164.62943157894736
SO-20335,6,7807.7265,3158.7639114120975,782.0,173.50503333333333
SP-20545,6,2612.172,3456.7639114120975,847.0,130.6086
SP-20620,9,21761.276,3176.7639114120975,1162.0,226.67995833333336
SP-20650,9,7489.744,3515.7639114120975,968.0,124.82906666666666
SP-20860,10,17131.76,3208.7639114120975,1032.0,178.45583333333332
SP-20920,6,11972.067,3199.7639114120975,1064.0,285.04921428571424
SR-20425,5,12933.924,3137.7639114120975,1287.0,359.27566666666667
SR-20740,8,17383.544,3325.7639114120975,1213.0,362.1571666666667
SS-20140,8,5296.112,3144.7639114120975,1118.0,63.04895238095238
SS-20410,6,12227.228,3239.7639114120975,1200.0,254.73391666666666
SS-20515,3,1840.2,3620.7639114120975,774.0,102.23333333333333
SS-20590,6,836.98,3561.7639114120975,811.0,46.49888888888889
SS-20875,5,3858.544,3249.7639114120975,992.0,64.30906666666667
ST-20530,7,1733.36,3254.7639114120975,1290.0,36.111666666666665
SU-20665,7,10381.456,3149.7639114120975,736.0,144.1868888888889
SV-20365,10,45883.8,3230.7639114120975,1348.0,358.4671875
SV-20785,9,16421.22,3449.7639114120975,1038.0,164.21220000000002
SV-20815,4,3813.27,3205.7639114120975,895.0,211.84833333333333
SV-20935,8,5710.473,3131.7639114120975,649.0,146.4223846153846
SW-20245,7,4340.312,3210.7639114120975,1178.0,108.5078
SW-20275,6,7866.599999999999,3159.7639114120975,1361.0,280.95
SW-20350,3,2038.088,3291.7639114120975,468.0,169.84066666666666
SW-20455,7,8764.632,3291.7639114120975,760.0,324.616
SW-20755,2,1517.3919999999998,3663.7639114120975,620.0,94.83699999999999
SZ-20035,11,10875.987000000001,3164.7639114120975,1175.0,181.26645000000002
TA-21385,4,29191.24,3198.7639114120975,1136.0,1459.5620000000001
TB-21055,5,1467.881,3248.7639114120975,442.0,81.54894444444444
TB-21175,4,10767.887999999999,3187.7639114120975,1060.0,326.29963636363635
TB-21190,4,2448.5220000000004,3178.7639114120975,1050.0,204.04350000000002
TB-21250,7,4807.128,3478.7639114120975,769.0,84.33557894736842
TB-21280,6,8793.800000000001,3712.7639114120975,705.0,199.85909090909092
TB-21355,5,2502.984,3275.7639114120975,559.0,64.17907692307692
TB-21400,7,36535.96,3331.7639114120975,1237.0,537.2935294117647
TB-21520,9,14212.457999999999,3236.7639114120975,1063.0,236.87429999999998
TB-21595,5,4162.677000000001,3414.7639114120975,1126.0,198.22271428571432
TB-21625,9,8393.003999999999,3159.7639114120975,1212.0,186.51119999999997
TC-20980,5,76208.872,3528.7639114120975,750.0,1587.6848333333335
TC-21145,1,1038.26,3235.7639114120975,0.0,259.565
TC-21295,8,17067.248,3156.7639114120975,1146.0,266.67575
TC-21475,9,4979.904,3282.7639114120975,981.0,113.17963636363638
TC-21535,7,2227.674,3133.7639114120975,1149.0,74.2558
TD-20995,9,5738.192,3166.7639114120975,1284.0,89.65925
TG-21310,5,9175.116,3466.7639114120975,690.0,339.8191111111111
TG-21640,4,6223.983,3243.7639114120975,1256.0,207.4661
TH-21100,5,7268.472,3473.7639114120975,846.0,346.11771428571427
TH-21115,4,5885.544,3187.7639114120975,1136.0,326.9746666666667
TH-21235,8,3066.603,3246.7639114120975,1035.0,78.63084615384615
TH-21550,7,12702.288,3201.7639114120975,1293.0,325.6996923076923
TM-21010,8,11820.904,3232.7639114120975,1305.0,155.5382105263158
TM-21490,3,3284.034,3259.7639114120975,145.0,273.6695
TN-21040,7,12520.884,3219.7639114120975,1087.0,260.85175
TP-21130,9,17816.224000000002,3137.7639114120975,983.0,278.37850000000003
TP-21415,5,15987.0144,3233.7639114120975,659.0,532.90048
TP-21565,4,3873.2799999999997,3479.7639114120975,685.0,193.664
TR-21325,5,2703.768,3322.7639114120975,932.0,96.56314285714286
TS-21085,2,9.666,3486.7639114120975,538.0,2.4165
TS-21160,6,8654.496000000001,3633.7639114120975,843.0,127.27200000000002
TS-21205,7,21484.36,3327.7639114120975,1182.0,282.68894736842105
TS-21340,5,2924.346,3355.7639114120975,1215.0,81.23183333333333
TS-21370,6,35675.253,3165.7639114120975,1123.0,792.7833999999999
TS-21430,5,6162.42,3301.7639114120975,1077.0,293.4485714285714
TS-21505,6,6729.822,3140.7639114120975,1095.0,160.23385714285715
TS-21610,7,8461.272,3184.7639114120975,1177.0,256.4021818181818
TS-21655,5,10104.282,3367.7639114120975,820.0,240.57814285714284
TT-21070,7,14746.806,3160.7639114120975,1291.0,351.11442857142856
TT-21220,8,5708.1759999999995,3312.7639114120975,1011.0,95.13626666666666
TT-21265,3,1318.5,3535.7639114120975,462.0,146.5
TT-21460,7,16094.424,3141.7639114120975,741.0,383.20057142857144
TW-21025,7,15836.478000000001,3193.7639114120975,1040.0,439.9021666666667
TZ-21580,4,1707.286,3164.7639114120975,1110.0,189.69844444444445
VB-21745,6,6016.788,3183.7639114120975,843.0,200.5596
VD-21670,6,25769.016,3710.7639114120975,663.0,402.640875
VF-21715,5,1695.888,3142.7639114120975,1387.0,77.08581818181818
VG-21790,6,1692.02,3283.7639114120975,1086.0,105.75125
VG-21805,5,1282.116,3415.7639114120975,909.0,71.22866666666667
VM-21685,7,9819.464,3183.7639114120975,1309.0,204.57216666666667
VM-21835,5,1522.76,3246.7639114120975,1262.0,47.58625
VP-21730,3,2981.7059999999997,3159.7639114120975,879.0,198.7804
VP-21760,7,13442.104,3204.7639114120975,1136.0,240.03757142857143
VS-21820,4,3167.9429999999998,3350.7639114120975,1232.0,131.997625
VT-21700,2,3473.192,4129.7639114120975,303.0,192.9551111111111
VW-21775,10,24536.152000000002,3157.7639114120975,1301.0,340.77988888888893
WB-21850,11,18480.306,3149.7639114120975,1132.0,166.48924324324324
XP-21865,11,9498.632,3172.7639114120975,1397.0,84.80921428571428
YC-21895,5,16363.05,3133.7639114120975,1135.0,681.7937499999999
YS-21880,8,20161.332,3138.7639114120975,1074.0,560.0369999999999
ZC-21910,13,32102.828,3183.7639114120975,1120.0,258.8937741935484
ZD-21925,5,4481.832,3331.7639114120975,1019.0,165.99377777777778
